pokedex_nr,en_name,type_1,attack,defense,hp,special_attack,special_defense,speed,effort_attack,effort_defense,effort_hp,effort_special_attack,effort_special_defense,effort_speed
1,Bulbasaur,0,49,49,45,65,65,45,0,0,0,1,0,0
2,Ivysaur,0,62,63,60,80,80,60,0,0,0,1,1,0
3,Venusaur,0,82,83,80,100,100,80,0,0,0,2,1,0
4,Charmander,0,52,43,39,60,50,65,0,0,0,0,0,1
5,Charmeleon,0,64,58,58,80,65,80,0,0,0,1,0,1
6,Charizard,0,84,78,78,109,85,100,0,0,0,3,0,0
7,Squirtle,1,48,65,44,50,64,43,0,1,0,0,0,0
8,Wartortle,1,63,80,59,65,80,58,0,1,0,0,1,0
9,Blastoise,1,83,100,79,85,105,78,0,0,0,0,3,0
10,Caterpie,0,30,35,45,20,20,45,0,0,1,0,0,0
11,Metapod,0,20,55,50,25,25,30,0,2,0,0,0,0
12,Butterfree,0,45,50,60,90,80,70,0,0,0,2,1,0
13,Weedle,0,35,30,40,20,20,50,0,0,0,0,0,1
14,Kakuna,0,25,50,45,25,25,35,0,2,0,0,0,0
15,Beedrill,0,90,40,65,45,80,75,2,0,0,0,1,0
16,Pidgey,0,45,40,40,35,35,56,0,0,0,0,0,1
17,Pidgeotto,0,60,55,63,50,50,71,0,0,0,0,0,2
18,Pidgeot,0,80,75,83,70,70,101,0,0,0,0,0,3
19,Rattata,0,56,35,30,25,35,72,0,0,0,0,0,1
20,Raticate,0,81,60,55,50,70,97,0,0,0,0,0,2
21,Spearow,0,60,30,40,31,31,70,0,0,0,0,0,1
22,Fearow,0,90,65,65,61,61,100,0,0,0,0,0,2
23,Ekans,0,60,44,35,40,54,55,1,0,0,0,0,0
24,Arbok,0,95,69,60,65,79,80,2,0,0,0,0,0
25,Pikachu,0,55,40,35,50,50,90,0,0,0,0,0,2
26,Raichu,0,90,55,60,90,80,110,0,0,0,0,0,3
27,Sandshrew,0,75,85,50,20,30,40,0,1,0,0,0,0
28,Sandslash,0,100,110,75,45,55,65,0,2,0,0,0,0
29,Nidoran♀,0,47,52,55,40,40,41,0,0,1,0,0,0
30,Nidorina,0,62,67,70,55,55,56,0,0,2,0,0,0
31,Nidoqueen,0,92,87,90,75,85,76,0,0,3,0,0,0
32,Nidoran♂,0,57,40,46,40,40,50,1,0,0,0,0,0
33,Nidorino,0,72,57,61,55,55,65,2,0,0,0,0,0
34,Nidoking,0,102,77,81,85,75,85,3,0,0,0,0,0
35,Clefairy,0,45,48,70,60,65,35,0,0,2,0,0,0
36,Clefable,0,70,73,95,95,90,60,0,0,3,0,0,0
37,Vulpix,0,41,40,38,50,65,65,0,0,0,0,0,1
38,Ninetales,0,76,75,73,81,100,100,0,0,0,0,1,1
39,Jigglypuff,0,45,20,115,45,25,20,0,0,2,0,0,0
40,Wigglytuff,0,70,45,140,85,50,45,0,0,3,0,0,0
41,Zubat,0,45,35,40,30,40,55,0,0,0,0,0,1
42,Golbat,0,80,70,75,65,75,90,0,0,0,0,0,2
43,Oddish,0,50,55,45,75,65,30,0,0,0,1,0,0
44,Gloom,0,65,70,60,85,75,40,0,0,0,2,0,0
45,Vileplume,0,80,85,75,110,90,50,0,0,0,3,0,0
46,Paras,0,70,55,35,45,55,25,1,0,0,0,0,0
47,Parasect,0,95,80,60,60,80,30,2,1,0,0,0,0
48,Venonat,0,55,50,60,40,55,45,0,0,0,0,1,0
49,Venomoth,0,65,60,70,90,75,90,0,0,0,1,0,1
50,Diglett,0,55,25,10,35,45,95,0,0,0,0,0,1
51,Dugtrio,0,100,50,35,50,70,120,0,0,0,0,0,2
52,Meowth,0,45,35,40,40,40,90,0,0,0,0,0,1
53,Persian,0,70,60,65,65,65,115,0,0,0,0,0,2
54,Psyduck,1,52,48,50,65,50,55,0,0,0,1,0,0
55,Golduck,1,82,78,80,95,80,85,0,0,0,2,0,0
56,Mankey,0,80,35,40,35,45,70,1,0,0,0,0,0
57,Primeape,0,105,60,65,60,70,95,2,0,0,0,0,0
58,Growlithe,0,70,45,55,70,50,60,1,0,0,0,0,0
59,Arcanine,0,110,80,90,100,80,95,2,0,0,0,0,0
60,Poliwag,1,50,40,40,40,40,90,0,0,0,0,0,1
61,Poliwhirl,1,65,65,65,50,50,90,0,0,0,0,0,2
62,Poliwrath,1,95,95,90,70,90,70,0,3,0,0,0,0
63,Abra,0,20,15,25,105,55,90,0,0,0,1,0,0
64,Kadabra,0,35,30,40,120,70,105,0,0,0,2,0,0
65,Alakazam,0,50,45,55,135,95,120,0,0,0,3,0,0
66,Machop,0,80,50,70,35,35,35,1,0,0,0,0,0
67,Machoke,0,100,70,80,50,60,45,2,0,0,0,0,0
68,Machamp,0,130,80,90,65,85,55,3,0,0,0,0,0
69,Bellsprout,0,75,35,50,70,30,40,1,0,0,0,0,0
70,Weepinbell,0,90,50,65,85,45,55,2,0,0,0,0,0
71,Victreebel,0,105,65,80,100,70,70,3,0,0,0,0,0
72,Tentacool,1,40,35,40,50,100,70,0,0,0,0,1,0
73,Tentacruel,1,70,65,80,80,120,100,0,0,0,0,2,0
74,Geodude,0,80,100,40,30,30,20,0,1,0,0,0,0
75,Graveler,0,95,115,55,45,45,35,0,2,0,0,0,0
76,Golem,0,120,130,80,55,65,45,0,3,0,0,0,0
77,Ponyta,0,85,55,50,65,65,90,0,0,0,0,0,1
78,Rapidash,0,100,70,65,80,80,105,0,0,0,0,0,2
79,Slowpoke,1,65,65,90,40,40,15,0,0,1,0,0,0
80,Slowbro,1,75,110,95,100,80,30,0,2,0,0,0,0
81,Magnemite,0,35,70,25,95,55,45,0,0,0,1,0,0
82,Magneton,0,60,95,50,120,70,70,0,0,0,2,0,0
83,Farfetch’d,0,90,55,52,58,62,60,1,0,0,0,0,0
84,Doduo,0,85,45,35,35,35,75,1,0,0,0,0,0
85,Dodrio,0,110,70,60,60,60,110,2,0,0,0,0,0
86,Seel,1,45,55,65,45,70,45,0,0,0,0,1,0
87,Dewgong,1,70,80,90,70,95,70,0,0,0,0,2,0
88,Grimer,0,80,50,80,40,50,25,0,0,1,0,0,0
89,Muk,0,105,75,105,65,100,50,1,0,1,0,0,0
90,Shellder,1,65,100,30,45,25,40,0,1,0,0,0,0
91,Cloyster,1,95,180,50,85,45,70,0,2,0,0,0,0
92,Gastly,0,35,30,30,100,35,80,0,0,0,1,0,0
93,Haunter,0,50,45,45,115,55,95,0,0,0,2,0,0
94,Gengar,0,65,60,60,130,75,110,0,0,0,3,0,0
95,Onix,0,45,160,35,30,45,70,0,1,0,0,0,0
96,Drowzee,0,48,45,60,43,90,42,0,0,0,0,1,0
97,Hypno,0,73,70,85,73,115,67,0,0,0,0,2,0
98,Krabby,1,105,90,30,25,25,50,1,0,0,0,0,0
99,Kingler,1,130,115,55,50,50,75,2,0,0,0,0,0
100,Voltorb,0,30,50,40,55,55,100,0,0,0,0,0,1
101,Electrode,0,50,70,60,80,80,150,0,0,0,0,0,2
102,Exeggcute,0,40,80,60,60,45,40,0,1,0,0,0,0
103,Exeggutor,0,95,85,95,125,75,55,0,0,0,2,0,0
104,Cubone,0,50,95,50,40,50,35,0,1,0,0,0,0
105,Marowak,0,80,110,60,50,80,45,0,2,0,0,0,0
106,Hitmonlee,0,120,53,50,35,110,87,2,0,0,0,0,0
107,Hitmonchan,0,105,79,50,35,110,76,0,0,0,0,2,0
108,Lickitung,0,55,75,90,60,75,30,0,0,2,0,0,0
109,Koffing,0,65,95,40,60,45,35,0,1,0,0,0,0
110,Weezing,0,90,120,65,85,70,60,0,2,0,0,0,0
111,Rhyhorn,0,85,95,80,30,30,25,0,1,0,0,0,0
112,Rhydon,0,130,120,105,45,45,40,2,0,0,0,0,0
113,Chansey,0,5,5,250,35,105,50,0,0,2,0,0,0
114,Tangela,0,55,115,65,100,40,60,0,1,0,0,0,0
115,Kangaskhan,0,95,80,105,40,80,90,0,0,2,0,0,0
116,Horsea,1,40,70,30,70,25,60,0,0,0,1,0,0
117,Seadra,1,65,95,55,95,45,85,0,1,0,1,0,0
118,Goldeen,1,67,60,45,35,50,63,1,0,0,0,0,0
119,Seaking,1,92,65,80,65,80,68,2,0,0,0,0,0
120,Staryu,1,45,55,30,70,55,85,0,0,0,0,0,1
121,Starmie,1,75,85,60,100,85,115,0,0,0,0,0,2
122,Mr. Mime,0,45,65,40,100,120,90,0,0,0,0,2,0
123,Scyther,0,110,80,70,55,80,105,1,0,0,0,0,0
124,Jynx,0,50,35,65,115,95,95,0,0,0,2,0,0
125,Electabuzz,0,83,57,65,95,85,105,0,0,0,0,0,2
126,Magmar,0,95,57,65,100,85,93,0,0,0,2,0,0
127,Pinsir,0,125,100,65,55,70,85,2,0,0,0,0,0
128,Tauros,0,100,95,75,40,70,110,1,0,0,0,0,1
129,Magikarp,1,10,55,20,15,20,80,0,0,0,0,0,1
130,Gyarados,1,125,79,95,60,100,81,2,0,0,0,0,0
131,Lapras,1,85,80,130,85,95,60,0,0,2,0,0,0
132,Ditto,0,48,48,48,48,48,48,0,0,1,0,0,0
133,Eevee,0,55,50,55,45,65,55,0,0,0,0,1,0
134,Vaporeon,1,65,60,130,110,95,65,0,0,2,0,0,0
135,Jolteon,0,65,60,65,110,95,130,0,0,0,0,0,2
136,Flareon,0,130,60,65,95,110,65,2,0,0,0,0,0
137,Porygon,0,60,70,65,85,75,40,0,0,0,1,0,0
138,Omanyte,0,40,100,35,90,55,35,0,1,0,0,0,0
139,Omastar,0,60,125,70,115,70,55,0,2,0,0,0,0
140,Kabuto,0,80,90,30,55,45,55,0,1,0,0,0,0
141,Kabutops,0,115,105,60,65,70,80,2,0,0,0,0,0
142,Aerodactyl,0,105,65,80,60,75,130,0,0,0,0,0,2
143,Snorlax,0,110,65,160,65,110,30,0,0,2,0,0,0
144,Articuno,0,85,100,90,95,125,85,0,0,0,0,3,0
145,Zapdos,0,90,85,90,125,90,100,0,0,0,3,0,0
146,Moltres,0,100,90,90,125,85,90,0,0,0,3,0,0
147,Dratini,0,64,45,41,50,50,50,1,0,0,0,0,0
148,Dragonair,0,84,65,61,70,70,70,2,0,0,0,0,0
149,Dragonite,0,134,95,91,100,100,80,3,0,0,0,0,0
150,Mewtwo,0,110,90,106,154,90,130,0,0,0,3,0,0
151,Mew,0,100,100,100,100,100,100,0,0,3,0,0,0
152,Chikorita,0,49,65,45,49,65,45,0,0,0,0,1,0
153,Bayleef,0,62,80,60,63,80,60,0,1,0,0,1,0
154,Meganium,0,82,100,80,83,100,80,0,1,0,0,2,0
155,Cyndaquil,0,52,43,39,60,50,65,0,0,0,0,0,1
156,Quilava,0,64,58,58,80,65,80,0,0,0,1,0,1
157,Typhlosion,0,84,78,78,109,85,100,0,0,0,3,0,0
158,Totodile,1,65,64,50,44,48,43,1,0,0,0,0,0
159,Croconaw,1,80,80,65,59,63,58,1,1,0,0,0,0
160,Feraligatr,1,105,100,85,79,83,78,2,1,0,0,0,0
161,Sentret,0,46,34,35,35,45,20,1,0,0,0,0,0
162,Furret,0,76,64,85,45,55,90,0,0,0,0,0,2
163,Hoothoot,0,30,30,60,36,56,50,0,0,1,0,0,0
164,Noctowl,0,50,50,100,86,96,70,0,0,2,0,0,0
165,Ledyba,0,20,30,40,40,80,55,0,0,0,0,1,0
166,Ledian,0,35,50,55,55,110,85,0,0,0,0,2,0
167,Spinarak,0,60,40,40,40,40,30,1,0,0,0,0,0
168,Ariados,0,90,70,70,60,70,40,2,0,0,0,0,0
169,Crobat,0,90,80,85,70,80,130,0,0,0,0,0,3
170,Chinchou,1,38,38,75,56,56,67,0,0,1,0,0,0
171,Lanturn,1,58,58,125,76,76,67,0,0,2,0,0,0
172,Pichu,0,40,15,20,35,35,60,0,0,0,0,0,1
173,Cleffa,0,25,28,50,45,55,15,0,0,0,0,1,0
174,Igglybuff,0,30,15,90,40,20,15,0,0,1,0,0,0
175,Togepi,0,20,65,35,40,65,20,0,0,0,0,1,0
176,Togetic,0,40,85,55,80,105,40,0,0,0,0,2,0
177,Natu,0,50,45,40,70,45,70,0,0,0,1,0,0
178,Xatu,0,75,70,65,95,70,95,0,0,0,1,0,1
179,Mareep,0,40,40,55,65,45,35,0,0,0,1,0,0
180,Flaaffy,0,55,55,70,80,60,45,0,0,0,2,0,0
181,Ampharos,0,75,85,90,115,90,55,0,0,0,3,0,0
182,Bellossom,0,80,95,75,90,100,50,0,0,0,0,3,0
183,Marill,1,20,50,70,20,50,40,0,0,2,0,0,0
184,Azumarill,1,50,80,100,60,80,50,0,0,3,0,0,0
185,Sudowoodo,0,100,115,70,30,65,30,0,2,0,0,0,0
186,Politoed,1,75,75,90,90,100,70,0,0,0,0,3,0
187,Hoppip,0,35,40,35,35,55,50,0,0,0,0,1,0
188,Skiploom,0,45,50,55,45,65,80,0,0,0,0,0,2
189,Jumpluff,0,55,70,75,55,95,110,0,0,0,0,0,3
190,Aipom,0,70,55,55,40,55,85,0,0,0,0,0,1
191,Sunkern,0,30,30,30,30,30,30,0,0,0,1,0,0
192,Sunflora,0,75,55,75,105,85,30,0,0,0,2,0,0
193,Yanma,0,65,45,65,75,45,95,0,0,0,0,0,1
194,Wooper,1,45,45,55,25,25,15,0,0,1,0,0,0
195,Quagsire,1,85,85,95,65,65,35,0,0,2,0,0,0
196,Espeon,0,65,60,65,130,95,110,0,0,0,2,0,0
197,Umbreon,0,65,110,95,60,130,65,0,0,0,0,2,0
198,Murkrow,0,85,42,60,85,42,91,0,0,0,0,0,1
199,Slowking,1,75,80,95,100,110,30,0,0,0,0,3,0
200,Misdreavus,0,60,60,60,85,85,85,0,0,0,0,1,0
201,Unown,0,72,48,48,72,48,48,1,0,0,1,0,0
202,Wobbuffet,0,33,58,190,33,58,33,0,0,2,0,0,0
203,Girafarig,0,80,65,70,90,65,85,0,0,0,2,0,0
204,Pineco,0,65,90,50,35,35,15,0,1,0,0,0,0
205,Forretress,0,90,140,75,60,60,40,0,2,0,0,0,0
206,Dunsparce,0,70,70,100,65,65,45,0,0,1,0,0,0
207,Gligar,0,75,105,65,35,65,85,0,1,0,0,0,0
208,Steelix,0,85,200,75,55,65,30,0,2,0,0,0,0
209,Snubbull,0,80,50,60,40,40,30,1,0,0,0,0,0
210,Granbull,0,120,75,90,60,60,45,2,0,0,0,0,0
211,Qwilfish,1,95,85,65,55,55,85,1,0,0,0,0,0
212,Scizor,0,130,100,70,55,80,65,2,0,0,0,0,0
213,Shuckle,0,10,230,20,10,230,5,0,1,0,0,1,0
214,Heracross,0,125,75,80,40,95,85,2,0,0,0,0,0
215,Sneasel,0,95,55,55,35,75,115,0,0,0,0,0,1
216,Teddiursa,0,80,50,60,50,50,40,1,0,0,0,0,0
217,Ursaring,0,130,75,90,75,75,55,2,0,0,0,0,0
218,Slugma,0,40,40,40,70,40,20,0,0,0,1,0,0
219,Magcargo,0,50,120,60,90,80,30,0,2,0,0,0,0
220,Swinub,0,50,40,50,30,30,50,1,0,0,0,0,0
221,Piloswine,0,100,80,100,60,60,50,1,0,1,0,0,0
222,Corsola,1,55,95,65,65,95,35,0,1,0,0,1,0
223,Remoraid,1,65,35,35,65,35,65,0,0,0,1,0,0
224,Octillery,1,105,75,75,105,75,45,1,0,0,1,0,0
225,Delibird,0,55,45,45,65,45,75,0,0,0,0,0,1
226,Mantine,1,40,70,85,80,140,70,0,0,0,0,2,0
227,Skarmory,0,80,140,65,40,70,70,0,2,0,0,0,0
228,Houndour,0,60,30,45,80,50,65,0,0,0,1,0,0
229,Houndoom,0,90,50,75,110,80,95,0,0,0,2,0,0
230,Kingdra,1,95,95,75,95,95,85,1,0,0,1,1,0
231,Phanpy,0,60,60,90,40,40,40,0,0,1,0,0,0
232,Donphan,0,120,120,90,60,60,50,1,1,0,0,0,0
233,Porygon2,0,80,90,85,105,95,60,0,0,0,2,0,0
234,Stantler,0,95,62,73,85,65,85,1,0,0,0,0,0
235,Smeargle,0,20,35,55,20,45,75,0,0,0,0,0,1
236,Tyrogue,0,35,35,35,35,35,35,1,0,0,0,0,0
237,Hitmontop,0,95,95,50,35,110,70,0,0,0,0,2,0
238,Smoochum,0,30,15,45,85,65,65,0,0,0,1,0,0
239,Elekid,0,63,37,45,65,55,95,0,0,0,0,0,1
240,Magby,0,75,37,45,70,55,83,0,0,0,0,0,1
241,Miltank,0,80,105,95,40,70,100,0,2,0,0,0,0
242,Blissey,0,10,10,255,75,135,55,0,0,3,0,0,0
243,Raikou,0,85,75,90,115,100,115,0,0,0,1,0,2
244,Entei,0,115,85,115,90,75,100,2,0,1,0,0,0
245,Suicune,1,75,115,100,90,115,85,0,1,0,0,2,0
246,Larvitar,0,64,50,50,45,50,41,1,0,0,0,0,0
247,Pupitar,0,84,70,70,65,70,51,2,0,0,0,0,0
248,Tyranitar,0,134,110,100,95,100,61,3,0,0,0,0,0
249,Lugia,0,90,130,106,90,154,110,0,0,0,0,3,0
250,Ho-Oh,0,130,90,106,110,154,90,0,0,0,0,3,0
251,Celebi,0,100,100,100,100,100,100,0,0,3,0,0,0
252,Treecko,0,45,35,40,65,55,70,0,0,0,0,0,1
253,Grovyle,0,65,45,50,85,65,95,0,0,0,0,0,2
254,Sceptile,0,85,65,70,105,85,120,0,0,0,0,0,3
255,Torchic,0,60,40,45,70,50,45,0,0,0,1,0,0
256,Combusken,0,85,60,60,85,60,55,1,0,0,1,0,0
257,Blaziken,0,120,70,80,110,70,80,3,0,0,0,0,0
258,Mudkip,1,70,50,50,50,50,40,1,0,0,0,0,0
259,Marshtomp,1,85,70,70,60,70,50,2,0,0,0,0,0
260,Swampert,1,110,90,100,85,90,60,3,0,0,0,0,0
261,Poochyena,0,55,35,35,30,30,35,1,0,0,0,0,0
262,Mightyena,0,90,70,70,60,60,70,2,0,0,0,0,0
263,Zigzagoon,0,30,41,38,30,41,60,0,0,0,0,0,1
264,Linoone,0,70,61,78,50,61,100,0,0,0,0,0,2
265,Wurmple,0,45,35,45,20,30,20,0,0,1,0,0,0
266,Silcoon,0,35,55,50,25,25,15,0,2,0,0,0,0
267,Beautifly,0,70,50,60,100,50,65,0,0,0,3,0,0
268,Cascoon,0,35,55,50,25,25,15,0,2,0,0,0,0
269,Dustox,0,50,70,60,50,90,65,0,0,0,0,3,0
270,Lotad,1,30,30,40,40,50,30,0,0,0,0,1,0
271,Lombre,1,50,50,60,60,70,50,0,0,0,0,2,0
272,Ludicolo,1,70,70,80,90,100,70,0,0,0,0,3,0
273,Seedot,0,40,50,40,30,30,30,0,1,0,0,0,0
274,Nuzleaf,0,70,40,70,60,40,60,2,0,0,0,0,0
275,Shiftry,0,100,60,90,90,60,80,3,0,0,0,0,0
276,Taillow,0,55,30,40,30,30,85,0,0,0,0,0,1
277,Swellow,0,85,60,60,75,50,125,0,0,0,0,0,2
278,Wingull,1,30,30,40,55,30,85,0,0,0,0,0,1
279,Pelipper,1,50,100,60,95,70,65,0,2,0,0,0,0
280,Ralts,0,25,25,28,45,35,40,0,0,0,1,0,0
281,Kirlia,0,35,35,38,65,55,50,0,0,0,2,0,0
282,Gardevoir,0,65,65,68,125,115,80,0,0,0,3,0,0
283,Surskit,0,30,32,40,50,52,65,0,0,0,0,0,1
284,Masquerain,0,60,62,70,100,82,80,0,0,0,1,1,0
285,Shroomish,0,40,60,60,40,60,35,0,0,1,0,0,0
286,Breloom,0,130,80,60,60,60,70,2,0,0,0,0,0
287,Slakoth,0,60,60,60,35,35,30,0,0,1,0,0,0
288,Vigoroth,0,80,80,80,55,55,90,0,0,0,0,0,2
289,Slaking,0,160,100,150,95,65,100,0,0,3,0,0,0
290,Nincada,0,45,90,31,30,30,40,0,1,0,0,0,0
291,Ninjask,0,90,45,61,50,50,160,0,0,0,0,0,2
292,Shedinja,0,90,45,1,30,30,40,0,0,2,0,0,0
293,Whismur,0,51,23,64,51,23,28,0,0,1,0,0,0
294,Loudred,0,71,43,84,71,43,48,0,0,2,0,0,0
295,Exploud,0,91,63,104,91,73,68,0,0,3,0,0,0
296,Makuhita,0,60,30,72,20,30,25,0,0,1,0,0,0
297,Hariyama,0,120,60,144,40,60,50,0,0,2,0,0,0
298,Azurill,0,20,40,50,20,40,20,0,0,1,0,0,0
299,Nosepass,0,45,135,30,45,90,30,0,1,0,0,0,0
300,Skitty,0,45,45,50,35,35,50,0,0,0,0,0,1
301,Delcatty,0,65,65,70,55,55,90,0,0,1,0,0,1
302,Sableye,0,75,75,50,65,65,50,1,1,0,0,0,0
303,Mawile,0,85,85,50,55,55,50,1,1,0,0,0,0
304,Aron,0,70,100,50,40,40,30,0,1,0,0,0,0
305,Lairon,0,90,140,60,50,50,40,0,2,0,0,0,0
306,Aggron,0,110,180,70,60,60,50,0,3,0,0,0,0
307,Meditite,0,40,55,30,40,55,60,0,0,0,0,0,1
308,Medicham,0,60,75,60,60,75,80,0,0,0,0,0,2
309,Electrike,0,45,40,40,65,40,65,0,0,0,0,0,1
310,Manectric,0,75,60,70,105,60,105,0,0,0,0,0,2
311,Plusle,0,50,40,60,85,75,95,0,0,0,0,0,1
312,Minun,0,40,50,60,75,85,95,0,0,0,0,0,1
313,Volbeat,0,73,75,65,47,85,85,0,0,0,0,0,1
314,Illumise,0,47,75,65,73,85,85,0,0,0,0,0,1
315,Roselia,0,60,45,50,100,80,65,0,0,0,2,0,0
316,Gulpin,0,43,53,70,43,53,40,0,0,1,0,0,0
317,Swalot,0,73,83,100,73,83,55,0,0,2,0,0,0
318,Carvanha,1,90,20,45,65,20,65,1,0,0,0,0,0
319,Sharpedo,1,120,40,70,95,40,95,2,0,0,0,0,0
320,Wailmer,1,70,35,130,70,35,60,0,0,1,0,0,0
321,Wailord,1,90,45,170,90,45,60,0,0,2,0,0,0
322,Numel,0,60,40,60,65,45,35,0,0,0,1,0,0
323,Camerupt,0,100,70,70,105,75,40,1,0,0,1,0,0
324,Torkoal,0,85,140,70,85,70,20,0,2,0,0,0,0
325,Spoink,0,25,35,60,70,80,60,0,0,0,0,1,0
326,Grumpig,0,45,65,80,90,110,80,0,0,0,0,2,0
327,Spinda,0,60,60,60,60,60,60,0,0,0,1,0,0
328,Trapinch,0,100,45,45,45,45,10,1,0,0,0,0,0
329,Vibrava,0,70,50,50,50,50,70,1,0,0,0,0,1
330,Flygon,0,100,80,80,80,80,100,1,0,0,0,0,2
331,Cacnea,0,85,40,50,85,40,35,0,0,0,1,0,0
332,Cacturne,0,115,60,70,115,60,55,1,0,0,1,0,0
333,Swablu,0,40,60,45,40,75,50,0,0,0,0,1,0
334,Altaria,0,70,90,75,70,105,80,0,0,0,0,2,0
335,Zangoose,0,115,60,73,60,60,90,2,0,0,0,0,0
336,Seviper,0,100,60,73,100,60,65,1,0,0,1,0,0
337,Lunatone,0,55,65,90,95,85,70,0,0,0,2,0,0
338,Solrock,0,95,85,90,55,65,70,2,0,0,0,0,0
339,Barboach,1,48,43,50,46,41,60,0,0,1,0,0,0
340,Whiscash,1,78,73,110,76,71,60,0,0,2,0,0,0
341,Corphish,1,80,65,43,50,35,35,1,0,0,0,0,0
342,Crawdaunt,1,120,85,63,90,55,55,2,0,0,0,0,0
343,Baltoy,0,40,55,40,40,70,55,0,0,0,0,1,0
344,Claydol,0,70,105,60,70,120,75,0,0,0,0,2,0
345,Lileep,0,41,77,66,61,87,23,0,0,0,0,1,0
346,Cradily,0,81,97,86,81,107,43,0,0,0,0,2,0
347,Anorith,0,95,50,45,40,50,75,1,0,0,0,0,0
348,Armaldo,0,125,100,75,70,80,45,2,0,0,0,0,0
349,Feebas,1,15,20,20,10,55,80,0,0,0,0,0,1
350,Milotic,1,60,79,95,100,125,81,0,0,0,0,2,0
351,Castform,0,70,70,70,70,70,70,0,0,1,0,0,0
352,Kecleon,0,90,70,60,60,120,40,0,0,0,0,1,0
353,Shuppet,0,75,35,44,63,33,45,1,0,0,0,0,0
354,Banette,0,115,65,64,83,63,65,2,0,0,0,0,0
355,Duskull,0,40,90,20,30,90,25,0,0,0,0,1,0
356,Dusclops,0,70,130,40,60,130,25,0,1,0,0,1,0
357,Tropius,0,68,83,99,72,87,51,0,0,2,0,0,0
358,Chimecho,0,50,80,75,95,90,65,0,0,0,1,1,0
359,Absol,0,130,60,65,75,60,75,2,0,0,0,0,0
360,Wynaut,0,23,48,95,23,48,23,0,0,1,0,0,0
361,Snorunt,0,50,50,50,50,50,50,0,0,1,0,0,0
362,Glalie,0,80,80,80,80,80,80,0,0,2,0,0,0
363,Spheal,0,40,50,70,55,50,25,0,0,1,0,0,0
364,Sealeo,0,60,70,90,75,70,45,0,0,2,0,0,0
365,Walrein,0,80,90,110,95,90,65,0,0,3,0,0,0
366,Clamperl,1,64,85,35,74,55,32,0,1,0,0,0,0
367,Huntail,1,104,105,55,94,75,52,1,1,0,0,0,0
368,Gorebyss,1,84,105,55,114,75,52,0,0,0,2,0,0
369,Relicanth,1,90,130,100,45,65,55,0,1,1,0,0,0
370,Luvdisc,1,30,55,43,40,65,97,0,0,0,0,0,1
371,Bagon,0,75,60,45,40,30,50,1,0,0,0,0,0
372,Shelgon,0,95,100,65,60,50,50,0,2,0,0,0,0
373,Salamence,0,135,80,95,110,80,100,3,0,0,0,0,0
374,Beldum,0,55,80,40,35,60,30,0,1,0,0,0,0
375,Metang,0,75,100,60,55,80,50,0,2,0,0,0,0
376,Metagross,0,135,130,80,95,90,70,0,3,0,0,0,0
377,Regirock,0,100,200,80,50,100,50,0,3,0,0,0,0
378,Regice,0,50,100,80,100,200,50,0,0,0,0,3,0
379,Registeel,0,75,150,80,75,150,50,0,2,0,0,1,0
380,Latias,0,80,90,80,110,130,110,0,0,0,0,3,0
381,Latios,0,90,80,80,130,110,110,0,0,0,3,0,0
382,Kyogre,1,100,90,100,150,140,90,0,0,0,3,0,0
383,Groudon,0,150,140,100,100,90,90,3,0,0,0,0,0
384,Rayquaza,0,150,90,105,150,90,95,2,0,0,1,0,0
385,Jirachi,0,100,100,100,100,100,100,0,0,3,0,0,0
386,Deoxys,0,150,50,50,150,50,150,1,0,0,1,0,1
387,Turtwig,0,68,64,55,45,55,31,1,0,0,0,0,0
388,Grotle,0,89,85,75,55,65,36,1,1,0,0,0,0
389,Torterra,0,109,105,95,75,85,56,2,1,0,0,0,0
390,Chimchar,0,58,44,44,58,44,61,0,0,0,0,0,1
391,Monferno,0,78,52,64,78,52,81,0,0,0,1,0,1
392,Infernape,0,104,71,76,104,71,108,1,0,0,1,0,1
393,Piplup,1,51,53,53,61,56,40,0,0,0,1,0,0
394,Prinplup,1,66,68,64,81,76,50,0,0,0,2,0,0
395,Empoleon,1,86,88,84,111,101,60,0,0,0,3,0,0
396,Starly,0,55,30,40,30,30,60,0,0,0,0,0,1
397,Staravia,0,75,50,55,40,40,80,0,0,0,0,0,2
398,Staraptor,0,120,70,85,50,60,100,3,0,0,0,0,0
399,Bidoof,0,45,40,59,35,40,31,0,0,1,0,0,0
400,Bibarel,0,85,60,79,55,60,71,2,0,0,0,0,0
401,Kricketot,0,25,41,37,25,41,25,0,1,0,0,0,0
402,Kricketune,0,85,51,77,55,51,65,2,0,0,0,0,0
403,Shinx,0,65,34,45,40,34,45,1,0,0,0,0,0
404,Luxio,0,85,49,60,60,49,60,2,0,0,0,0,0
405,Luxray,0,120,79,80,95,79,70,3,0,0,0,0,0
406,Budew,0,30,35,40,50,70,55,0,0,0,1,0,0
407,Roserade,0,70,65,60,125,105,90,0,0,0,3,0,0
408,Cranidos,0,125,40,67,30,30,58,1,0,0,0,0,0
409,Rampardos,0,165,60,97,65,50,58,2,0,0,0,0,0
410,Shieldon,0,42,118,30,42,88,30,0,1,0,0,0,0
411,Bastiodon,0,52,168,60,47,138,30,0,2,0,0,0,0
412,Burmy,0,29,45,40,29,45,36,0,0,0,0,1,0
413,Wormadam,0,59,85,60,79,105,36,0,0,0,0,2,0
414,Mothim,0,94,50,70,94,50,66,1,0,0,1,0,0
415,Combee,0,30,42,30,30,42,70,0,0,0,0,0,1
416,Vespiquen,0,80,102,70,80,102,40,0,1,0,0,1,0
417,Pachirisu,0,45,70,60,45,90,95,0,0,0,0,0,1
418,Buizel,1,65,35,55,60,30,85,0,0,0,0,0,1
419,Floatzel,1,105,55,85,85,50,115,0,0,0,0,0,2
420,Cherubi,0,35,45,45,62,53,35,0,0,0,1,0,0
421,Cherrim,0,60,70,70,87,78,85,0,0,0,2,0,0
422,Shellos,1,48,48,76,57,62,34,0,0,1,0,0,0
423,Gastrodon,1,83,68,111,92,82,39,0,0,2,0,0,0
424,Ambipom,0,100,66,75,60,66,115,0,0,0,0,0,2
425,Drifloon,0,50,34,90,60,44,70,0,0,1,0,0,0
426,Drifblim,0,80,44,150,90,54,80,0,0,2,0,0,0
427,Buneary,0,66,44,55,44,56,85,0,0,0,0,0,1
428,Lopunny,0,76,84,65,54,96,105,0,0,0,0,0,2
429,Mismagius,0,60,60,60,105,105,105,0,0,0,1,1,0
430,Honchkrow,0,125,52,100,105,52,71,2,0,0,0,0,0
431,Glameow,0,55,42,49,42,37,85,0,0,0,0,0,1
432,Purugly,0,82,64,71,64,59,112,0,0,0,0,0,2
433,Chingling,0,30,50,45,65,50,45,0,0,0,1,0,0
434,Stunky,0,63,47,63,41,41,74,0,0,0,0,0,1
435,Skuntank,0,93,67,103,71,61,84,0,0,2,0,0,0
436,Bronzor,0,24,86,57,24,86,23,0,1,0,0,0,0
437,Bronzong,0,89,116,67,79,116,33,0,1,0,0,1,0
438,Bonsly,0,80,95,50,10,45,10,0,1,0,0,0,0
439,Mime Jr.,0,25,45,20,70,90,60,0,0,0,0,1,0
440,Happiny,0,5,5,100,15,65,30,0,0,1,0,0,0
441,Chatot,0,65,45,76,92,42,91,1,0,0,0,0,0
442,Spiritomb,0,92,108,50,92,108,35,0,1,0,0,1,0
443,Gible,0,70,45,58,40,45,42,1,0,0,0,0,0
444,Gabite,0,90,65,68,50,55,82,2,0,0,0,0,0
445,Garchomp,0,130,95,108,80,85,102,3,0,0,0,0,0
446,Munchlax,0,85,40,135,40,85,5,0,0,1,0,0,0
447,Riolu,0,70,40,40,35,40,60,1,0,0,0,0,0
448,Lucario,0,110,70,70,115,70,90,1,0,0,1,0,0
449,Hippopotas,0,72,78,68,38,42,32,0,1,0,0,0,0
450,Hippowdon,0,112,118,108,68,72,47,0,2,0,0,0,0
451,Skorupi,0,50,90,40,30,55,65,0,1,0,0,0,0
452,Drapion,0,90,110,70,60,75,95,0,2,0,0,0,0
453,Croagunk,0,61,40,48,61,40,50,1,0,0,0,0,0
454,Toxicroak,0,106,65,83,86,65,85,2,0,0,0,0,0
455,Carnivine,0,100,72,74,90,72,46,2,0,0,0,0,0
456,Finneon,1,49,56,49,49,61,66,0,0,0,0,0,1
457,Lumineon,1,69,76,69,69,86,91,0,0,0,0,0,2
458,Mantyke,1,20,50,45,60,120,50,0,0,0,0,1,0
459,Snover,0,62,50,60,62,60,40,1,0,0,0,0,0
460,Abomasnow,0,92,75,90,92,85,60,1,0,0,1,0,0
461,Weavile,0,120,65,70,45,85,125,1,0,0,0,0,1
462,Magnezone,0,70,115,70,130,90,60,0,0,0,3,0,0
463,Lickilicky,0,85,95,110,80,95,50,0,0,3,0,0,0
464,Rhyperior,0,140,130,115,55,55,40,3,0,0,0,0,0
465,Tangrowth,0,100,125,100,110,50,50,0,2,0,0,0,0
466,Electivire,0,123,67,75,95,85,95,3,0,0,0,0,0
467,Magmortar,0,95,67,75,125,95,83,0,0,0,3,0,0
468,Togekiss,0,50,95,85,120,115,80,0,0,0,2,1,0
469,Yanmega,0,76,86,86,116,56,95,2,0,0,0,0,0
470,Leafeon,0,110,130,65,60,65,95,0,2,0,0,0,0
471,Glaceon,0,60,110,65,130,95,65,0,0,0,2,0,0
472,Gliscor,0,95,125,75,45,75,95,0,2,0,0,0,0
473,Mamoswine,0,130,80,110,70,60,80,3,0,0,0,0,0
474,Porygon-Z,0,80,70,85,135,75,90,0,0,0,3,0,0
475,Gallade,0,125,65,68,65,115,80,3,0,0,0,0,0
476,Probopass,0,55,145,60,75,150,40,0,1,0,0,2,0
477,Dusknoir,0,100,135,45,65,135,45,0,1,0,0,2,0
478,Froslass,0,80,70,70,80,70,110,0,0,0,0,0,2
479,Rotom,0,50,77,50,95,77,91,0,0,0,1,0,1
480,Uxie,0,75,130,75,75,130,95,0,2,0,0,1,0
481,Mesprit,0,105,105,80,105,105,80,1,0,0,1,1,0
482,Azelf,0,125,70,75,125,70,115,2,0,0,1,0,0
483,Dialga,0,120,120,100,150,100,90,0,0,0,3,0,0
484,Palkia,1,120,100,90,150,120,100,0,0,0,3,0,0
485,Heatran,0,90,106,91,130,106,77,0,0,0,3,0,0
486,Regigigas,0,160,110,110,80,110,100,3,0,0,0,0,0
487,Giratina,0,100,120,150,100,120,90,0,0,3,0,0,0
488,Cresselia,0,70,120,120,75,130,85,0,0,0,0,3,0
489,Phione,1,80,80,80,80,80,80,0,0,1,0,0,0
490,Manaphy,1,100,100,100,100,100,100,0,0,3,0,0,0
491,Darkrai,0,90,90,70,135,90,125,0,0,0,2,0,1
492,Shaymin,0,100,100,100,100,100,100,0,0,3,0,0,0
493,Arceus,0,120,120,120,120,120,120,0,0,3,0,0,0
494,Victini,0,100,100,100,100,100,100,0,0,3,0,0,0
495,Snivy,0,45,55,45,45,55,63,0,0,0,0,0,1
496,Servine,0,60,75,60,60,75,83,0,0,0,0,0,2
497,Serperior,0,75,95,75,75,95,113,0,0,0,0,0,3
498,Tepig,0,63,45,65,45,45,45,0,0,1,0,0,0
499,Pignite,0,93,55,90,70,55,55,2,0,0,0,0,0
500,Emboar,0,123,65,110,100,65,65,3,0,0,0,0,0
501,Oshawott,1,55,45,55,63,45,45,0,0,0,1,0,0
502,Dewott,1,75,60,75,83,60,60,0,0,0,2,0,0
503,Samurott,1,100,85,95,108,70,70,0,0,0,3,0,0
504,Patrat,0,55,39,45,35,39,42,1,0,0,0,0,0
505,Watchog,0,85,69,60,60,69,77,2,0,0,0,0,0
506,Lillipup,0,60,45,45,25,45,55,1,0,0,0,0,0
507,Herdier,0,80,65,65,35,65,60,2,0,0,0,0,0
508,Stoutland,0,110,90,85,45,90,80,3,0,0,0,0,0
509,Purrloin,0,50,37,41,50,37,66,0,0,0,0,0,1
510,Liepard,0,88,50,64,88,50,106,0,0,0,0,0,2
511,Pansage,0,53,48,50,53,48,64,0,0,0,0,0,1
512,Simisage,0,98,63,75,98,63,101,0,0,0,0,0,2
513,Pansear,0,53,48,50,53,48,64,0,0,0,0,0,1
514,Simisear,0,98,63,75,98,63,101,0,0,0,0,0,2
515,Panpour,1,53,48,50,53,48,64,0,0,0,0,0,1
516,Simipour,1,98,63,75,98,63,101,0,0,0,0,0,2
517,Munna,0,25,45,76,67,55,24,0,0,1,0,0,0
518,Musharna,0,55,85,116,107,95,29,0,0,2,0,0,0
519,Pidove,0,55,50,50,36,30,43,1,0,0,0,0,0
520,Tranquill,0,77,62,62,50,42,65,2,0,0,0,0,0
521,Unfezant,0,115,80,80,65,55,93,3,0,0,0,0,0
522,Blitzle,0,60,32,45,50,32,76,0,0,0,0,0,1
523,Zebstrika,0,100,63,75,80,63,116,0,0,0,0,0,2
524,Roggenrola,0,75,85,55,25,25,15,0,1,0,0,0,0
525,Boldore,0,105,105,70,50,40,20,1,1,0,0,0,0
526,Gigalith,0,135,130,85,60,80,25,3,0,0,0,0,0
527,Woobat,0,45,43,65,55,43,72,0,0,0,0,0,1
528,Swoobat,0,57,55,67,77,55,114,0,0,0,0,0,2
529,Drilbur,0,85,40,60,30,45,68,1,0,0,0,0,0
530,Excadrill,0,135,60,110,50,65,88,2,0,0,0,0,0
531,Audino,0,60,86,103,60,86,50,0,0,2,0,0,0
532,Timburr,0,80,55,75,25,35,35,1,0,0,0,0,0
533,Gurdurr,0,105,85,85,40,50,40,2,0,0,0,0,0
534,Conkeldurr,0,140,95,105,55,65,45,3,0,0,0,0,0
535,Tympole,1,50,40,50,50,40,64,0,0,0,0,0,1
536,Palpitoad,1,65,55,75,65,55,69,0,0,2,0,0,0
537,Seismitoad,1,95,75,105,85,75,74,0,0,3,0,0,0
538,Throh,0,100,85,120,30,85,45,0,0,2,0,0,0
539,Sawk,0,125,75,75,30,75,85,2,0,0,0,0,0
540,Sewaddle,0,53,70,45,40,60,42,0,1,0,0,0,0
541,Swadloon,0,63,90,55,50,80,42,0,2,0,0,0,0
542,Leavanny,0,103,80,75,70,80,92,3,0,0,0,0,0
543,Venipede,0,45,59,30,30,39,57,0,1,0,0,0,0
544,Whirlipede,0,55,99,40,40,79,47,0,2,0,0,0,0
545,Scolipede,0,100,89,60,55,69,112,0,0,0,0,0,3
546,Cottonee,0,27,60,40,37,50,66,0,0,0,0,0,1
547,Whimsicott,0,67,85,60,77,75,116,0,0,0,0,0,2
548,Petilil,0,35,50,45,70,50,30,0,0,0,1,0,0
549,Lilligant,0,60,75,70,110,75,90,0,0,0,2,0,0
550,Basculin,1,92,65,70,80,55,98,0,0,0,0,0,2
551,Sandile,0,72,35,50,35,35,65,1,0,0,0,0,0
552,Krokorok,0,82,45,60,45,45,74,2,0,0,0,0,0
553,Krookodile,0,117,80,95,65,70,92,3,0,0,0,0,0
554,Darumaka,0,90,45,70,15,45,50,1,0,0,0,0,0
555,Darmanitan,0,140,55,105,30,55,95,2,0,0,0,0,0
556,Maractus,0,86,67,75,106,67,60,0,0,0,2,0,0
557,Dwebble,0,65,85,50,35,35,55,0,1,0,0,0,0
558,Crustle,0,105,125,70,65,75,45,0,2,0,0,0,0
559,Scraggy,0,75,70,50,35,70,48,1,0,0,0,0,0
560,Scrafty,0,90,115,65,45,115,58,0,1,0,0,1,0
561,Sigilyph,0,58,80,72,103,80,97,0,0,0,2,0,0
562,Yamask,0,30,85,38,55,65,30,0,1,0,0,0,0
563,Cofagrigus,0,50,145,58,95,105,30,0,2,0,0,0,0
564,Tirtouga,1,78,103,54,53,45,22,0,1,0,0,0,0
565,Carracosta,1,108,133,74,83,65,32,0,2,0,0,0,0
566,Archen,0,112,45,55,74,45,70,1,0,0,0,0,0
567,Archeops,0,140,65,75,112,65,110,2,0,0,0,0,0
568,Trubbish,0,50,62,50,40,62,65,0,0,0,0,0,1
569,Garbodor,0,95,82,80,60,82,75,2,0,0,0,0,0
570,Zorua,0,65,40,40,80,40,65,0,0,0,1,0,0
571,Zoroark,0,105,60,60,120,60,105,0,0,0,2,0,0
572,Minccino,0,50,40,55,40,40,75,0,0,0,0,0,1
573,Cinccino,0,95,60,75,65,60,115,0,0,0,0,0,2
574,Gothita,0,30,50,45,55,65,45,0,0,0,0,1,0
575,Gothorita,0,45,70,60,75,85,55,0,0,0,0,2,0
576,Gothitelle,0,55,95,70,95,110,65,0,0,0,0,3,0
577,Solosis,0,30,40,45,105,50,20,0,0,0,1,0,0
578,Duosion,0,40,50,65,125,60,30,0,0,0,2,0,0
579,Reuniclus,0,65,75,110,125,85,30,0,0,0,3,0,0
580,Ducklett,1,44,50,62,44,50,55,0,0,1,0,0,0
581,Swanna,1,87,63,75,87,63,98,0,0,0,0,0,2
582,Vanillite,0,50,50,36,65,60,44,0,0,0,1,0,0
583,Vanillish,0,65,65,51,80,75,59,0,0,0,2,0,0
584,Vanilluxe,0,95,85,71,110,95,79,0,0,0,3,0,0
585,Deerling,0,60,50,60,40,50,75,0,0,0,0,0,1
586,Sawsbuck,0,100,70,80,60,70,95,2,0,0,0,0,0
587,Emolga,0,75,60,55,75,60,103,0,0,0,0,0,2
588,Karrablast,0,75,45,50,40,45,60,1,0,0,0,0,0
589,Escavalier,0,135,105,70,60,105,20,2,0,0,0,0,0
590,Foongus,0,55,45,69,55,55,15,0,0,1,0,0,0
591,Amoonguss,0,85,70,114,85,80,30,0,0,2,0,0,0
592,Frillish,1,40,50,55,65,85,40,0,0,0,0,1,0
593,Jellicent,1,60,70,100,85,105,60,0,0,0,0,2,0
594,Alomomola,1,75,80,165,40,45,65,0,0,2,0,0,0
595,Joltik,0,47,50,50,57,50,65,0,0,0,0,0,1
596,Galvantula,0,77,60,70,97,60,108,0,0,0,0,0,2
597,Ferroseed,0,50,91,44,24,86,10,0,1,0,0,0,0
598,Ferrothorn,0,94,131,74,54,116,20,0,2,0,0,0,0
599,Klink,0,55,70,40,45,60,30,0,1,0,0,0,0
600,Klang,0,80,95,60,70,85,50,0,2,0,0,0,0
601,Klinklang,0,100,115,60,70,85,90,0,3,0,0,0,0
602,Tynamo,0,55,40,35,45,40,60,0,0,0,0,0,1
603,Eelektrik,0,85,70,65,75,70,40,2,0,0,0,0,0
604,Eelektross,0,115,80,85,105,80,50,3,0,0,0,0,0
605,Elgyem,0,55,55,55,85,55,30,0,0,0,1,0,0
606,Beheeyem,0,75,75,75,125,95,40,0,0,0,2,0,0
607,Litwick,0,30,55,50,65,55,20,0,0,0,1,0,0
608,Lampent,0,40,60,60,95,60,55,0,0,0,2,0,0
609,Chandelure,0,55,90,60,145,90,80,0,0,0,3,0,0
610,Axew,0,87,60,46,30,40,57,1,0,0,0,0,0
611,Fraxure,0,117,70,66,40,50,67,2,0,0,0,0,0
612,Haxorus,0,147,90,76,60,70,97,3,0,0,0,0,0
613,Cubchoo,0,70,40,55,60,40,40,1,0,0,0,0,0
614,Beartic,0,130,80,95,70,80,50,2,0,0,0,0,0
615,Cryogonal,0,50,50,80,95,135,105,0,0,0,0,2,0
616,Shelmet,0,40,85,50,40,65,25,0,1,0,0,0,0
617,Accelgor,0,70,40,80,100,60,145,0,0,0,0,0,2
618,Stunfisk,0,66,84,109,81,99,32,0,0,2,0,0,0
619,Mienfoo,0,85,50,45,55,50,65,1,0,0,0,0,0
620,Mienshao,0,125,60,65,95,60,105,2,0,0,0,0,0
621,Druddigon,0,120,90,77,60,90,48,2,0,0,0,0,0
622,Golett,0,74,50,59,35,50,35,1,0,0,0,0,0
623,Golurk,0,124,80,89,55,80,55,2,0,0,0,0,0
624,Pawniard,0,85,70,45,40,40,60,1,0,0,0,0,0
625,Bisharp,0,125,100,65,60,70,70,2,0,0,0,0,0
626,Bouffalant,0,110,95,95,40,95,55,2,0,0,0,0,0
627,Rufflet,0,83,50,70,37,50,60,1,0,0,0,0,0
628,Braviary,0,123,75,100,57,75,80,2,0,0,0,0,0
629,Vullaby,0,55,75,70,45,65,60,0,1,0,0,0,0
630,Mandibuzz,0,65,105,110,55,95,80,0,0,0,2,0,0
631,Heatmor,0,97,66,85,105,66,65,0,0,0,2,0,0
632,Durant,0,109,112,58,48,48,109,0,2,0,0,0,0
633,Deino,0,65,50,52,45,50,38,1,0,0,0,0,0
634,Zweilous,0,85,70,72,65,70,58,2,0,0,0,0,0
635,Hydreigon,0,105,90,92,125,90,98,0,0,0,3,0,0
636,Larvesta,0,85,55,55,50,55,60,1,0,0,0,0,0
637,Volcarona,0,60,65,85,135,105,100,0,0,0,3,0,0
638,Cobalion,0,90,129,91,90,72,108,0,3,0,0,0,0
639,Terrakion,0,129,90,91,72,90,108,3,0,0,0,0,0
640,Virizion,0,90,72,91,90,129,108,0,0,0,0,3,0
641,Tornadus,0,115,70,79,125,80,111,3,0,0,0,0,0
642,Thundurus,0,115,70,79,125,80,111,3,0,0,0,0,0
643,Reshiram,0,120,100,100,150,120,90,0,0,0,3,0,0
644,Zekrom,0,150,120,100,120,100,90,3,0,0,0,0,0
645,Landorus,0,125,90,89,115,80,101,0,0,0,3,0,0
646,Kyurem,0,130,90,125,130,90,95,1,0,1,1,0,0
647,Keldeo,1,72,90,91,129,90,108,0,0,0,3,0,0
648,Meloetta,0,77,77,100,128,128,90,0,0,0,1,1,1
649,Genesect,0,120,95,71,120,95,99,1,0,0,1,0,1
650,Chespin,0,61,65,56,48,45,38,0,1,0,0,0,0
651,Quilladin,0,78,95,61,56,58,57,0,2,0,0,0,0
652,Chesnaught,0,107,122,88,74,75,64,0,3,0,0,0,0
653,Fennekin,0,45,40,40,62,60,60,0,0,0,1,0,0
654,Braixen,0,59,58,59,90,70,73,0,0,0,2,0,0
655,Delphox,0,69,72,75,114,100,104,0,0,0,3,0,0
656,Froakie,1,56,40,41,62,44,71,0,0,0,0,0,1
657,Frogadier,1,63,52,54,83,56,97,0,0,0,0,0,2
658,Greninja,1,95,67,72,103,71,122,0,0,0,0,0,3
659,Bunnelby,0,36,38,38,32,36,57,0,0,0,0,0,1
660,Diggersby,0,56,77,85,50,77,78,0,0,2,0,0,0
661,Fletchling,0,50,43,45,40,38,62,0,0,0,0,0,1
662,Fletchinder,0,73,55,62,56,52,84,0,0,0,0,0,2
663,Talonflame,0,81,71,78,74,69,126,0,0,0,0,0,3
664,Scatterbug,0,35,40,38,27,25,35,0,1,0,0,0,0
665,Spewpa,0,22,60,45,27,30,29,0,2,0,0,0,0
666,Vivillon,0,52,50,80,90,50,89,0,0,1,1,0,1
667,Litleo,0,50,58,62,73,54,72,0,0,0,1,0,0
668,Pyroar,0,68,72,86,109,66,106,0,0,0,2,0,0
669,Flabébé,0,38,39,44,61,79,42,0,0,0,0,1,0
670,Floette,0,45,47,54,75,98,52,0,0,0,0,2,0
671,Florges,0,65,68,78,112,154,75,0,0,0,0,3,0
672,Skiddo,0,65,48,66,62,57,52,0,0,1,0,0,0
673,Gogoat,0,100,62,123,97,81,68,0,0,2,0,0,0
674,Pancham,0,82,62,67,46,48,43,1,0,0,0,0,0
675,Pangoro,0,124,78,95,69,71,58,2,0,0,0,0,0
676,Furfrou,0,80,60,75,65,90,102,0,0,0,0,0,1
677,Espurr,0,48,54,62,63,60,68,0,0,0,0,0,1
678,Meowstic,0,48,76,74,83,81,104,0,0,0,0,0,2
679,Honedge,0,80,100,45,35,37,28,0,1,0,0,0,0
680,Doublade,0,110,150,59,45,49,35,0,2,0,0,0,0
681,Aegislash,0,50,140,60,50,140,60,0,2,0,0,1,0
682,Spritzee,0,52,60,78,63,65,23,0,0,1,0,0,0
683,Aromatisse,0,72,72,101,99,89,29,0,0,2,0,0,0
684,Swirlix,0,48,66,62,59,57,49,0,1,0,0,0,0
685,Slurpuff,0,80,86,82,85,75,72,0,2,0,0,0,0
686,Inkay,0,54,53,53,37,46,45,1,0,0,0,0,0
687,Malamar,0,92,88,86,68,75,73,2,0,0,0,0,0
688,Binacle,0,52,67,42,39,56,50,1,0,0,0,0,0
689,Barbaracle,0,105,115,72,54,86,68,2,0,0,0,0,0
690,Skrelp,0,60,60,50,60,60,30,0,0,0,0,1,0
691,Dragalge,0,75,90,65,97,123,44,0,0,0,0,2,0
692,Clauncher,1,53,62,50,58,63,44,0,0,0,1,0,0
693,Clawitzer,1,73,88,71,120,89,59,0,0,0,2,0,0
694,Helioptile,0,38,33,44,61,43,70,0,0,0,0,0,1
695,Heliolisk,0,55,52,62,109,94,109,0,0,0,1,0,1
696,Tyrunt,0,89,77,58,45,45,48,1,0,0,0,0,0
697,Tyrantrum,0,121,119,82,69,59,71,2,0,0,0,0,0
698,Amaura,0,59,50,77,67,63,46,0,0,1,0,0,0
699,Aurorus,0,77,72,123,99,92,58,0,0,2,0,0,0
700,Sylveon,0,65,65,95,110,130,60,0,0,0,0,2,0
701,Hawlucha,0,92,75,78,74,63,118,2,0,0,0,0,0
702,Dedenne,0,58,57,67,81,67,101,0,0,0,0,0,2
703,Carbink,0,50,150,50,50,150,50,0,1,0,0,1,0
704,Goomy,0,50,35,45,55,75,40,0,0,0,0,1,0
705,Sliggoo,0,75,53,68,83,113,60,0,0,0,0,2,0
706,Goodra,0,100,70,90,110,150,80,0,0,0,0,3,0
707,Klefki,0,80,91,57,80,87,75,0,1,0,0,0,0
708,Phantump,0,70,48,43,50,60,38,1,0,0,0,0,0
709,Trevenant,0,110,76,85,65,82,56,2,0,0,0,0,0
710,Pumpkaboo,0,66,70,49,44,55,51,0,1,0,0,0,0
711,Gourgeist,0,90,122,65,58,75,84,0,2,0,0,0,0
712,Bergmite,0,69,85,55,32,35,28,0,1,0,0,0,0
713,Avalugg,0,117,184,95,44,46,28,0,2,0,0,0,0
714,Noibat,0,30,35,40,45,40,55,0,0,0,0,0,1
715,Noivern,0,70,80,85,97,80,123,0,0,0,0,0,2
716,Xerneas,0,131,95,126,131,98,99,0,0,3,0,0,0
717,Yveltal,0,131,95,126,131,98,99,0,0,3,0,0,0
718,Zygarde,0,100,121,108,81,95,95,0,0,3,0,0,0
719,Diancie,0,100,150,50,100,150,50,0,1,0,0,2,0
720,Hoopa,0,110,60,80,150,130,70,0,0,0,3,0,0
721,Volcanion,0,110,120,80,130,90,70,0,0,0,3,0,0
722,Rowlet,0,55,55,68,50,50,42,0,0,1,0,0,0
723,Dartrix,0,75,75,78,70,70,52,0,0,2,0,0,0
724,Decidueye,0,107,75,78,100,100,70,3,0,0,0,0,0
725,Litten,0,65,40,45,60,40,70,0,0,0,0,0,1
726,Torracat,0,85,50,65,80,50,90,0,0,0,0,0,2
727,Incineroar,0,115,90,95,80,90,60,3,0,0,0,0,0
728,Popplio,1,54,54,50,66,56,40,0,0,0,1,0,0
729,Brionne,1,69,69,60,91,81,50,0,0,0,2,0,0
730,Primarina,1,74,74,80,126,116,60,0,0,0,3,0,0
731,Pikipek,0,75,30,35,30,30,65,1,0,0,0,0,0
732,Trumbeak,0,85,50,55,40,50,75,2,0,0,0,0,0
733,Toucannon,0,120,75,80,75,75,60,3,0,0,0,0,0
734,Yungoos,0,70,30,48,30,30,45,1,0,0,0,0,0
735,Gumshoos,0,110,60,88,55,60,45,2,0,0,0,0,0
736,Grubbin,0,62,45,47,55,45,46,1,0,0,0,0,0
737,Charjabug,0,82,95,57,55,75,36,0,2,0,0,0,0
738,Vikavolt,0,70,90,77,145,75,43,0,0,0,3,0,0
739,Crabrawler,0,82,57,47,42,47,63,1,0,0,0,0,0
740,Crabominable,0,132,77,97,62,67,43,2,0,0,0,0,0
741,Oricorio,0,70,70,75,98,70,93,0,0,0,2,0,0
742,Cutiefly,0,45,40,40,55,40,84,0,0,0,0,0,1
743,Ribombee,0,55,60,60,95,70,124,0,0,0,0,0,2
744,Rockruff,0,65,40,45,30,40,60,1,0,0,0,0,0
745,Lycanroc,0,115,65,75,55,65,112,2,0,0,0,0,0
746,Wishiwashi,1,20,20,45,25,25,40,0,0,1,0,0,0
747,Mareanie,0,53,62,50,43,52,45,0,1,0,0,0,0
748,Toxapex,0,63,152,50,53,142,35,0,2,0,0,0,0
749,Mudbray,0,100,70,70,45,55,45,1,0,0,0,0,0
750,Mudsdale,0,125,100,100,55,85,35,2,0,0,0,0,0
751,Dewpider,1,40,52,38,40,72,27,0,0,0,0,1,0
752,Araquanid,1,70,92,68,50,132,42,0,0,0,0,2,0
753,Fomantis,0,55,35,40,50,35,35,1,0,0,0,0,0
754,Lurantis,0,105,90,70,80,90,45,2,0,0,0,0,0
755,Morelull,0,35,55,40,65,75,15,0,0,0,0,1,0
756,Shiinotic,0,45,80,60,90,100,30,0,0,0,0,2,0
757,Salandit,0,44,40,48,71,40,77,0,0,0,0,0,1
758,Salazzle,0,64,60,68,111,60,117,0,0,0,0,0,2
759,Stufful,0,75,50,70,45,50,50,1,0,0,0,0,0
760,Bewear,0,125,80,120,55,60,60,2,0,0,0,0,0
761,Bounsweet,0,30,38,42,30,38,32,0,0,1,0,0,0
762,Steenee,0,40,48,52,40,48,62,0,0,0,0,0,2
763,Tsareena,0,120,98,72,50,98,72,3,0,0,0,0,0
764,Comfey,0,52,90,51,82,110,100,0,0,0,0,2,0
765,Oranguru,0,60,80,90,90,110,60,0,0,0,0,2,0
766,Passimian,0,120,90,100,40,60,80,2,0,0,0,0,0
767,Wimpod,0,35,40,25,20,30,80,0,0,0,0,0,1
768,Golisopod,0,125,140,75,60,90,40,0,2,0,0,0,0
769,Sandygast,0,55,80,55,70,45,15,0,1,0,0,0,0
770,Palossand,0,75,110,85,100,75,35,0,2,0,0,0,0
771,Pyukumuku,1,60,130,55,30,130,5,0,0,0,0,2,0
772,Type: Null,0,95,95,95,95,95,59,0,0,2,0,0,0
773,Silvally,0,95,95,95,95,95,95,0,0,3,0,0,0
774,Minior,0,60,100,60,60,100,60,0,1,0,0,1,0
775,Komala,0,115,65,65,75,95,65,2,0,0,0,0,0
776,Turtonator,0,78,135,60,91,85,36,0,2,0,0,0,0
777,Togedemaru,0,98,63,65,40,73,96,2,0,0,0,0,0
778,Mimikyu,0,90,80,55,50,105,96,0,0,0,0,2,0
779,Bruxish,1,105,70,68,70,70,92,2,0,0,0,0,0
780,Drampa,0,60,85,78,135,91,36,0,0,0,2,0,0
781,Dhelmise,0,131,100,70,86,90,40,2,0,0,0,0,0
782,Jangmo-o,0,55,65,45,45,45,45,0,1,0,0,0,0
783,Hakamo-o,0,75,90,55,65,70,65,0,2,0,0,0,0
784,Kommo-o,0,110,125,75,100,105,85,0,3,0,0,0,0
785,Tapu Koko,0,115,85,70,95,75,130,0,0,0,0,0,3
786,Tapu Lele,0,85,75,70,130,115,95,0,0,0,3,0,0
787,Tapu Bulu,0,130,115,70,85,95,75,3,0,0,0,0,0
788,Tapu Fini,1,75,115,70,95,130,85,0,0,0,0,3,0
789,Cosmog,0,29,31,43,29,31,37,0,0,1,0,0,0
790,Cosmoem,0,29,131,43,29,131,37,0,1,0,0,1,0
791,Solgaleo,0,137,107,137,113,89,97,3,0,0,0,0,0
792,Lunala,0,113,89,137,137,107,97,0,0,0,3,0,0
793,Nihilego,0,53,47,109,127,131,103,0,0,0,0,3,0
794,Buzzwole,0,139,139,107,53,53,79,1,2,0,0,0,0
795,Pheromosa,0,137,37,71,137,37,151,0,0,0,0,0,3
796,Xurkitree,0,89,71,83,173,71,83,0,0,0,3,0,0
797,Celesteela,0,101,103,97,107,101,61,1,1,0,1,0,0
798,Kartana,0,181,131,59,59,31,109,3,0,0,0,0,0
799,Guzzlord,0,101,53,223,97,53,43,0,0,3,0,0,0
800,Necrozma,0,107,101,97,127,89,79,1,0,0,2,0,0
801,Magearna,0,95,115,80,130,115,65,0,0,0,3,0,0
802,Marshadow,0,125,80,90,90,90,125,2,0,0,0,0,1
803,Poipole,0,73,67,67,73,67,73,0,0,0,0,0,1
804,Naganadel,0,73,73,73,127,73,121,0,0,0,3,0,0
805,Stakataka,0,131,211,61,53,101,13,0,3,0,0,0,0
806,Blacephalon,0,127,53,53,151,79,107,0,0,0,3,0,0
807,Zeraora,0,112,75,88,102,80,143,0,0,0,0,0,3
808,Meltan,0,65,65,46,55,35,34,1,0,0,0,0,0
809,Melmetal,0,143,143,135,80,65,34,3,0,0,0,0,0
810,Grookey,0,65,50,50,40,40,65,1,0,0,0,0,0
811,Thwackey,0,85,70,70,55,60,80,2,0,0,0,0,0
812,Rillaboom,0,125,90,100,60,70,85,3,0,0,0,0,0
813,Scorbunny,0,71,40,50,40,40,69,0,0,0,0,0,1
814,Raboot,0,86,60,65,55,60,94,0,0,0,0,0,2
815,Cinderace,0,116,75,80,65,75,119,0,0,0,0,0,3
816,Sobble,1,40,40,50,70,40,70,0,0,0,0,1,1
817,Drizzile,1,60,55,65,95,55,90,0,0,0,2,0,0
818,Inteleon,1,85,65,70,125,65,120,0,0,0,0,0,3
819,Skwovet,0,55,55,70,35,35,25,0,0,1,0,0,0
820,Greedent,0,95,95,120,55,75,20,0,0,2,0,0,0
821,Rookidee,0,47,35,38,33,35,57,0,0,0,0,0,1
822,Corvisquire,0,67,55,68,43,55,77,0,0,0,0,0,2
823,Corviknight,0,87,105,98,53,85,67,0,3,0,0,0,0
824,Blipbug,0,20,20,25,25,45,45,0,0,0,0,1,0
825,Dottler,0,35,80,50,50,90,30,0,0,0,0,2,0
826,Orbeetle,0,45,110,60,80,120,90,0,0,0,0,3,0
827,Nickit,0,28,28,40,47,52,50,0,0,0,0,1,0
828,Thievul,0,58,58,70,87,92,90,0,0,0,0,2,0
829,Gossifleur,0,40,60,40,40,60,10,0,0,0,0,1,0
830,Eldegoss,0,50,90,60,80,120,60,0,0,0,0,2,0
831,Wooloo,0,40,55,42,40,45,48,0,1,0,0,0,0
832,Dubwool,0,80,100,72,60,90,88,0,2,0,0,0,0
833,Chewtle,1,64,50,50,38,38,44,1,0,0,0,0,0
834,Drednaw,1,115,90,90,48,68,74,2,0,0,0,0,0
835,Yamper,0,45,50,59,40,50,26,0,0,1,0,0,0
836,Boltund,0,90,60,69,90,60,121,0,0,0,0,0,2
837,Rolycoly,0,40,50,30,40,50,30,0,1,0,0,0,0
838,Carkol,0,60,90,80,60,70,50,0,2,0,0,0,0
839,Coalossal,0,80,120,110,80,90,30,0,3,0,0,0,0
840,Applin,0,40,80,40,40,40,20,0,1,0,0,0,0
841,Flapple,0,110,80,70,95,60,70,2,0,0,0,0,0
842,Appletun,0,85,80,110,100,80,30,0,0,2,0,0,0
843,Silicobra,0,57,75,52,35,50,46,0,1,0,0,0,0
844,Sandaconda,0,107,125,72,65,70,71,0,2,0,0,0,0
845,Cramorant,0,85,55,70,85,95,85,0,0,0,0,2,0
846,Arrokuda,1,63,40,41,40,30,66,0,0,0,0,0,1
847,Barraskewda,1,123,60,61,60,50,136,0,0,0,0,0,2
848,Toxel,0,38,35,40,54,35,40,0,0,0,1,0,0
849,Toxtricity,0,98,70,75,114,70,75,0,0,0,2,0,0
850,Sizzlipede,0,65,45,50,50,50,45,1,0,0,0,0,0
851,Centiskorch,0,115,65,100,90,90,65,2,0,0,0,0,0
852,Clobbopus,0,68,60,50,50,50,32,1,0,0,0,0,0
853,Grapploct,0,118,90,80,70,80,42,2,0,0,0,0,0
854,Sinistea,0,45,45,40,74,54,50,0,0,0,1,0,0
855,Polteageist,0,65,65,60,134,114,70,0,0,0,2,0,0
856,Hatenna,0,30,45,42,56,53,39,0,0,0,1,0,0
857,Hattrem,0,40,65,57,86,73,49,0,0,0,2,0,0
858,Hatterene,0,90,95,57,136,103,29,0,0,0,3,0,0
859,Impidimp,0,45,30,45,55,40,50,0,0,0,1,0,0
860,Morgrem,0,60,45,65,75,55,70,0,0,0,2,0,0
861,Grimmsnarl,0,120,65,95,95,75,60,3,0,0,0,0,0
862,Obstagoon,0,90,101,93,60,81,95,0,3,0,0,0,0
863,Perrserker,0,110,100,70,50,60,50,2,0,0,0,0,0
864,Cursola,0,95,50,60,145,130,30,0,0,0,2,0,0
865,Sirfetch’d,0,135,95,62,68,82,65,2,0,0,0,0,0
866,Mr. Rime,0,85,75,80,110,100,70,0,0,0,3,0,0
867,Runerigus,0,95,145,58,50,105,30,0,2,0,0,0,0
868,Milcery,0,40,40,45,50,61,34,0,0,0,0,1,0
869,Alcremie,0,60,75,65,110,121,64,0,0,0,0,2,0
870,Falinks,0,100,100,65,70,60,75,2,0,0,0,1,0
871,Pincurchin,0,101,95,48,91,85,15,2,0,0,0,0,0
872,Snom,0,25,35,30,45,30,20,0,0,0,1,0,0
873,Frosmoth,0,65,60,70,125,90,65,0,0,0,2,0,0
874,Stonjourner,0,125,135,100,20,20,70,0,2,0,0,0,0
875,Eiscue,0,80,110,75,65,90,50,0,2,0,0,0,0
876,Indeedee,0,65,55,60,105,95,95,0,0,0,2,0,0
877,Morpeko,0,95,58,58,70,58,97,0,0,0,0,0,2
878,Cufant,0,80,49,72,40,49,40,1,0,0,0,0,0
879,Copperajah,0,130,69,122,80,69,30,2,0,0,0,0,0
880,Dracozolt,0,100,90,90,80,70,75,2,0,0,0,0,0
881,Arctozolt,0,100,90,90,90,80,55,2,0,0,0,0,0
882,Dracovish,1,90,100,90,70,80,75,0,2,0,0,0,0
883,Arctovish,1,90,100,90,80,90,55,0,2,0,0,0,0
884,Duraludon,0,95,115,70,120,50,85,0,0,0,2,0,0
885,Dreepy,0,60,30,28,40,30,82,0,0,0,0,0,1
886,Drakloak,0,80,50,68,60,50,102,0,0,0,0,0,2
887,Dragapult,0,120,75,88,100,75,142,0,0,0,0,0,3
888,Zacian,0,130,115,92,80,115,138,0,0,0,0,0,3
889,Zamazenta,0,130,115,92,80,115,138,0,0,0,0,0,3
890,Eternatus,0,85,95,140,145,95,130,0,0,3,0,0,0
891,Kubfu,0,90,60,60,53,50,72,1,0,0,0,0,0
892,Urshifu,0,130,100,100,63,60,97,3,0,0,0,0,0
893,Zarude,0,120,105,105,70,95,105,3,0,0,0,0,0
894,Regieleki,0,100,50,80,100,50,200,0,0,0,0,0,3
895,Regidrago,0,100,50,200,100,50,80,0,0,3,0,0,0
896,Glastrier,0,145,130,100,65,110,30,3,0,0,0,0,0
897,Spectrier,0,65,60,100,145,80,130,0,0,0,3,0,0
898,Calyrex,0,80,80,100,80,80,80,0,0,3,0,0,0
